Site,Type,Classification,Date,Time,Duration,Depth,Visibility,Weather,Current,Boats,Researcher,Parrotfish,Rabbitfish,Butterflyfish,Angelfish,Cleaner_Wrasse,Batfish,Thicklip,Red_Breast,Slingjaw,Sweetlips,Squirrel/Soldier,Triggerfish,Porcupine/Puffer,Ray,Snapper<30,Snapper>30,Eel,Trevally,Emperorfish,Grouper<30,Grouper>30,Barracuda,Total_abundance_N,
Green Rock,Natural,Fringing,06-01-2020,14:00,30,10,12,1,None,1,GlobalReef,47.0,40.0,83.0,2.0,16.0,0.0,9.0,20.0,6.0,0.0,43.0,3.0,0.0,0.0,100.0,0.0,0.0,2.0,7.0,30.0,8.0,0.0,416.0,
Green Rock,Natural,Fringing,07-01-2020,14:00,30,10,12,3,None,1,GlobalReef,91.4,38.8,77.9,5.7,14.0,0.0,10.3,14.9,5.6,1.3,15.9,2.6,0.0,0.0,155.0,0.1,0.4,2.7,6.7,38.0,4.3,0.0,485.5,
Green Rock,Natural,Fringing,08-01-2020,14:00,30,10,18,3,None,1,GlobalReef,106.5,33.5,107.0,7.0,15.0,0.0,19.5,30.0,10.5,1.5,12.0,1.5,0.0,0.0,98.3,1.5,0.0,1.5,8.0,64.0,4.0,0.0,521.3,
Green Rock,Natural,Fringing,09-01-2020,12:00,30,10,7,3,None,1,GlobalReef,84.0,21.0,86.0,1.5,12.0,0.0,11.5,19.0,5.0,1.0,25.5,0.5,0.0,0.0,60.0,0.0,0.0,4.5,5.0,47.0,3.5,0.0,387.0,
Green Rock,Natural,Fringing,10-01-2020,14:00,30,10,18,3,None,1,GlobalReef,67.0,42.0,96.0,1.5,10.5,0.0,9.5,18.0,7.0,1.5,34.0,1.0,0.0,0.0,28.5,0.0,0.0,1.5,3.0,43.0,2.5,20.0,386.5,
Green Rock,Natural,Fringing,01-01-2021,10:00,30,10,18,3,None,1,GlobalReef,132.3,53.0,130.7,3.0,19.3,0.0,10.7,11.0,4.0,2.0,12.3,1.3,0.0,0.0,107.0,1.3,0.0,1.3,6.0,49.0,6.7,26.7,577.7,
Green Rock,Natural,Fringing,10-01-2021,10:00,28,10,18,2,None,1,GlobalReef,86.5,59.5,54.0,3.5,15.0,0.0,10.0,16.0,9.0,1.0,1.0,3.5,0.0,0.0,139.0,0.5,0.0,2.0,10.0,40.0,5.5,22.5,478.5,
Green Rock,Natural,Fringing,10-01-2022,10:00,28,10,7,2,None,1,GlobalReef,75.0,66.5,68.5,2.0,12.5,0.0,6.0,6.5,3.0,0.0,13.0,0.5,0.0,0.0,23.0,1.0,0.0,2.0,2.5,41.0,1.0,45.0,369.0,
Green Rock,Natural,Fringing,04-01-2023,9:00,26,10,12,1,None,2,GlobalReef,83.0,83.0,42.0,2.0,15.0,1.0,10.0,20.0,5.5,0.5,6.0,8.5,0.0,0.0,96.0,0.5,0.0,3.0,10.5,47.5,6.0,0.5,440.5,
Green Rock,Natural,Fringing,06-01-2023,8:00,25,12,12,1,None,0,GlobalReef,50.5,20.5,37.5,5.0,10.5,0.0,7.5,8.5,4.5,0.0,0.5,2.0,0.0,0.0,92.5,1.0,0.0,0.0,5.5,35.0,2.0,0.0,283.0,
Green Rock,Natural,Fringing,09-01-2023,8:00,25,11,10,1,None,1,GlobalReef,79.0,56.0,49.5,4.5,13.0,0.0,6.0,15.0,4.0,0.0,5.0,5.0,0.0,0.0,70.5,0.0,0.0,1.5,4.5,42.0,7.5,0.0,363.0,
Green Rock,Natural,Fringing,10-01-2023,7:30,25,12,12,1,None,2,GlobalReef,100.8,28.5,70.5,3.0,32.0,0.0,10.3,15.0,7.3,0.0,2.3,9.8,0.0,0.0,73.5,0.0,0.0,8.3,6.8,39.0,6.8,0.0,413.5,
Green Rock,Natural,Fringing,11-01-2023,8:00,25,12,2,1,None,0,GlobalReef,110.5,45.5,45.0,2.0,16.5,0.0,6.0,14.5,6.0,0.0,0.0,2.5,0.0,0.0,48.0,2.5,0.0,2.5,8.5,35.5,5.0,0.0,350.5,
Green Rock,Natural,Fringing,02-01-2024,7:30,25,12,10,1,None,3,GlobalReef,124.0,44.0,45.0,9.5,8.0,0.0,8.0,6.5,5.5,0.0,8.0,5.5,0.0,0.0,17.0,1.0,0.0,2.5,9.0,33.0,6.5,0.5,333.5,
Green Rock,Natural,Fringing,03-19-2024,7:33,25,NA,7,NA,Light,1,GlobalReef,91.0,27.0,77.5,6.0,17.5,0.0,6.0,13.0,4.5,0.0,0.0,3.5,0.0,0.0,22.5,0.5,0.0,2.5,2.0,17.5,2.5,0.0,293.5,
Green Rock,Natural,Fringing,04-24-2024,7:30,25,11,10,1,Light,3,GlobalReef,24.5,59.0,31.0,2.0,13.5,0.0,3.5,4.0,1.5,0.0,0.0,1.0,0.0,0.0,1.0,0.0,0.0,0.5,0.0,29.0,0.5,0.0,171.0,
Green Rock,Natural,Fringing,05-24-2024,9:30,25,11,12,2,None,2,GlobalReef,54.5,25.0,41.5,2.5,17.5,0.0,7.0,31.5,6.0,0.0,0.5,1.5,0.0,0.0,28.5,0.0,0.0,2.5,2.0,47.0,0.0,0.0,267.5,
Green Rock,Natural,Fringing,06-24-2024,7:15,25,12.5,15,1,None,2,GlobalReef,98.5,16.0,37.5,2.0,31.5,0.0,6.0,19.5,0.5,0.5,1.0,2.0,0.0,0.0,68.5,1.0,0.0,1.5,3.0,43.5,3.0,0.0,335.5,
Green Rock,Natural,Fringing,07-24-2024,NA,NA,NA,NA,NA,NA,NA,GlobalReef,78.4,28.8,37.4,2.6,14.3,0.0,6.1,14.0,2.3,0.5,3.5,2.6,0.0,0.0,98.8,0.9,0.0,2.6,1.6,35.4,3.3,0.0,332.9,
Green Rock,Natural,Fringing,08-24-2024,8:00,25,NA,20,NA,NA,3,GlobalReef,53.8,29.8,36.5,0.0,9.0,0.0,4.8,8.8,1.0,0.0,1.0,1.5,0.0,0.0,37.3,0.0,0.0,2.3,0.8,28.5,2.8,57.0,274.5,
Green Rock,Natural,Fringing,09-01-2024,7:30,25,10,10,3,NA,1,GlobalReef,70.0,44.5,79.5,8.5,15.5,0.0,12.5,16.5,4.0,0.0,5.5,1.0,0.0,0.0,40.0,0.5,0.0,0.5,0.5,39.0,3.0,47.5,388.5,
Green Rock,Natural,Fringing,10-24-2024,8:00,25,11,12,1,Light,2,GlobalReef,78.8,27.0,52.7,1.8,13.5,0.0,5.2,10.8,3.3,1.0,1.7,1.8,0.0,0.0,29.3,1.5,0.0,1.7,1.2,42.2,3.8,41.8,319.2,
Green Rock,Natural,Fringing,02-19-2025,7:26,25,10,12,2,None,1,Scar,138,86,46,1,21,0,8,15,4,0,0,4,0,0,58,1,0,4,5,81,2,0,474,
Green Rock,Natural,Fringing,02-19-2025,7:26,25,10,12,2,None,1,Ben,133,44,36,1,8,0,5,10,4,0,0,4,0,0,37,0,0,4,3,53,0,0,342,
Green Rock ,Natural,Fringing,01-29-2025,7:29,25,11,7,2,Light,1,Bjarne,80,60,43,1,11,0,4,8,2,0,0,2,0,0,26,0,0,1,2,53,5,0,298,
Green Rock ,Natural,Fringing,01-29-2025,7:29,25,11,7,2,Light,1,Pooka ,76,74,50,5,19,0,7,8,1,0,4,0,0,0,24,0,0,0,3,30,3,0,304,
Red Rock,Natural,Fringing,03-01-2019,12:00,30,10,12,1,None,2,GlobalReef,41.0,37.0,83.0,2.0,0.0,0.0,9.0,17.0,11.0,0.0,0.0,2.0,1.0,0.0,0.0,0.0,1.0,9.0,4.0,7.0,1.0,0.0,225.0,
Red Rock,Natural,Fringing,04-01-2019,12:00,30,10,7,1,None,2,GlobalReef,36.0,30.0,75.0,4.0,0.0,0.0,6.0,20.0,8.0,0.0,12.0,5.0,0.0,0.0,15.0,0.0,0.0,7.0,18.0,14.0,3.0,0.0,253.0,
Red Rock,Natural,Fringing,05-01-2019,12:00,30,10,7,1,None,1,GlobalReef,26.0,16.0,37.0,0.0,0.0,3.0,4.0,8.0,4.0,0.0,28.0,1.0,0.0,0.0,11.0,0.0,1.0,7.0,7.0,20.0,3.0,0.0,176.0,
Red Rock,Natural,Fringing,06-01-2019,12:00,30,10,2,1,None,2,GlobalReef,11.0,10.0,18.0,2.0,5.0,0.0,9.0,9.0,1.0,1.0,5.0,1.0,0.0,0.0,1.0,0.0,0.0,2.0,0.0,19.0,1.0,1.0,96.0,
Red Rock,Natural,Fringing,07-01-2019,12:00,28,10,12,1,None,1,GlobalReef,34.5,11.5,37.5,1.0,4.0,0.5,11.0,9.5,5.5,0.0,1.0,1.0,0.0,0.0,3.5,0.0,0.0,0.0,4.0,17.5,2.5,0.0,144.5,
Red Rock,Natural,Fringing,08-01-2019,12:00,30,10,12,1,None,1,GlobalReef,39.0,21.5,64.0,2.5,4.0,0.0,12.5,14.5,8.5,0.0,22.5,4.0,0.0,0.0,9.0,3.0,1.0,11.0,23.5,36.0,7.5,0.0,284.0,
Red Rock,Natural,Fringing,09-01-2019,12:00,29,10,12,1,None,1,GlobalReef,30.7,18.0,57.7,2.3,4.3,0.0,4.0,16.0,5.7,0.0,18.7,2.3,0.0,0.0,6.0,3.0,0.0,2.7,5.7,21.7,4.7,0.0,203.3,
Red Rock,Natural,Fringing,11-01-2019,12:00,28,10,12,1,Light,2,GlobalReef,38.0,11.5,41.0,1.0,4.0,0.0,9.0,14.5,6.0,0.0,18.0,3.0,0.0,0.0,5.0,3.0,0.0,2.0,3.0,16.0,5.0,0.0,180.0,
Red Rock,Natural,Fringing,01-01-2020,12:00,28,10,2,3,None,1,GlobalReef,16.3,6.0,30.8,0.2,6.2,0.0,2.0,4.6,3.6,0.0,9.2,0.8,0.0,0.0,0.4,0.0,0.0,0.6,0.0,18.0,1.2,0.0,99.8,
Red Rock,Natural,Fringing,05-01-2020,12:00,28,10,7,3,None,1,GlobalReef,24.0,11.8,76.0,2.5,9.0,0.0,8.0,15.8,7.0,1.0,44.5,2.5,0.0,0.0,7.0,2.0,0.0,5.3,3.0,36.3,5.5,19.3,280.3,
Red Rock,Natural,Fringing,06-01-2020,12:00,30,10,7,3,None,1,GlobalReef,22.4,15.4,60.4,3.0,6.6,2.0,6.9,13.1,8.0,0.0,23.3,1.7,0.0,1.0,4.3,1.0,0.0,2.5,2.3,35.9,4.2,0.0,214.0,
Red Rock,Natural,Fringing,07-01-2020,12:00,30,10,12,3,None,1,GlobalReef,47.0,23.8,54.8,2.8,6.0,0.0,4.3,8.5,4.5,0.0,1.0,1.5,0.0,0.0,1.3,0.3,0.0,4.3,1.3,28.0,6.5,0.0,195.5,
Red Rock,Natural,Fringing,08-01-2020,12:00,30,10,18,3,None,1,GlobalReef,75.7,29.3,73.3,4.0,9.7,0.0,18.0,14.7,13.7,0.0,13.0,0.7,0.0,0.0,0.0,2.3,0.0,10.0,6.3,35.3,1.3,0.0,307.3,
Red Rock,Natural,Fringing,09-01-2020,14:00,29,10,7,2,Light,1,GlobalReef,44.0,33.0,75.5,3.5,5.5,0.0,6.5,4.0,7.5,0.0,7.5,0.0,0.0,0.0,1.0,0.0,0.0,0.5,0.5,33.5,4.0,0.0,226.5,
Red Rock,Natural,Fringing,10-01-2020,12:00,30,10,7,1,None,1,GlobalReef,59.0,26.0,80.0,4.0,11.5,0.0,14.0,20.0,14.5,0.0,9.0,5.5,0.5,0.0,0.5,2.0,0.5,3.5,6.0,42.0,4.5,0.0,303.0,
Red Rock,Natural,Fringing,12-01-2020,12:00,29,10,7,2,Light,0,GlobalReef,28.3,24.3,73.0,2.0,12.0,0.0,9.3,10.7,7.3,0.3,13.7,2.0,0.0,0.0,1.3,0.7,0.0,0.3,0.7,45.3,2.3,0.0,233.7,
Red Rock,Natural,Fringing,01-01-2021,12:00,30,10,12,2,None,1,GlobalReef,42.3,39.0,80.0,3.0,11.3,0.0,11.7,16.3,9.3,0.7,28.3,1.7,0.0,0.0,3.3,0.7,0.3,2.7,5.0,66.3,2.7,0.7,325.3,
Red Rock,Natural,Fringing,10-01-2022,12:00,27,10,12,2,None,1,GlobalReef,42.0,50.0,78.0,1.5,10.5,0.0,5.5,13.0,7.5,1.0,15.5,2.0,0.0,0.0,3.5,1.5,0.0,1.5,3.0,55.0,0.5,0.0,291.5,
Red Rock,Natural,Fringing,11-01-2022,11:00,28,10,7,1,None,1,GlobalReef,20.5,26.0,89.0,2.0,18.0,0.0,2.0,15.5,5.5,1.0,10.5,3.5,0.0,0.5,0.0,0.0,0.0,0.0,0.0,55.5,1.0,0.0,250.5,
Red Rock,Natural,Fringing,05-01-2023,NA,NA,NA,NA,NA,NA,NA,GlobalReef,66.5,29.5,64.5,2.5,8.5,0.0,15.5,13.5,9.5,0.0,8.5,4.0,0.0,0.0,127.0,0.5,0.0,0.0,14.0,65.0,2.5,0.0,431.5,
Red Rock,Natural,Fringing,09-01-2023,10:30,25,10,12,1,None,1,GlobalReef,57.5,42.5,53.0,2.5,6.5,1.5,6.0,10.5,8.0,2.5,5.0,1.5,0.0,0.0,83.5,0.0,0.0,0.5,2.0,43.0,5.0,0.0,331.0,
Red Rock,Natural,Fringing,10-01-2023,7:30,25,12,18,1,Strong,3,GlobalReef,134.8,32.6,45.8,6.4,18.0,0.0,7.6,13.6,6.4,0.0,0.2,1.6,0.0,0.0,91.0,3.0,0.0,1.4,3.2,39.4,17.4,0.0,422.4,
Red Rock,Natural,Fringing,01-24-2024,8:00,25,13,18,1,None,1,GlobalReef,61.0,60.0,61.0,4.0,12.0,0.0,14.0,10.0,10.0,0.0,13.0,1.0,0.0,0.0,21.0,4.0,0.0,3.0,3.0,76.0,7.0,0.0,360.0,
Red Rock,Natural,Fringing,02-24-2024,10:00,25,13,12,1,None,0,GlobalReef,52.5,40.0,84.0,3.0,7.5,0.0,7.5,12.5,15.5,0.0,12.5,1.0,0.0,0.0,79.5,0.5,0.0,2.0,4.5,65.5,7.5,0.0,395.5,
Red Rock,Natural,Fringing,03-19-2024,9:22,NA,NA,12,1,NA,1,GlobalReef,44.5,39.5,57.5,0.5,11.0,0.0,8.0,9.5,4.5,0.0,10.0,0.5,0.0,0.0,24.5,0.0,0.0,7.5,3.5,56.5,6.0,0.0,283.5,
Red Rock,Natural,Fringing,04-24-2024,8:00,25,12,12,1,None,0,GlobalReef,53.5,25.5,62.0,1.5,8.0,0.0,5.0,7.5,7.0,0.0,3.0,1.0,0.0,0.0,15.0,0.0,0.0,0.5,0.5,41.0,2.0,0.0,233.0,
Red Rock,Natural,Fringing,05-24-2024,7:30,25,13,5,2,Light,1,GlobalReef,27.0,17.2,31.7,1.7,5.8,0.0,3.7,11.2,6.2,0.0,10.0,0.2,0.0,0.0,61.2,0.0,0.0,3.3,0.7,51.0,4.5,0.0,235.2,
Red Rock,Natural,Fringing,06-24-2024,7:20,25,12,12,3,Light,2,GlobalReef,71.0,29.0,57.0,1.0,8.0,1.0,4.5,14.5,14.5,0.0,1.5,1.0,0.0,0.0,5.0,0.0,0.0,6.0,0.0,28.5,0.5,0.0,243.0,
Red Rock,Natural,Fringing,07-24-2024,NA,NA,NA,NA,NA,NA,NA,GlobalReef,68.3,28.7,46.2,0.8,4.7,0.0,5.8,14.0,8.8,0.0,8.2,2.3,0.0,0.0,37.7,0.2,0.0,2.7,1.5,61.2,10.0,0.0,301.0,
Red Rock,Natural,Fringing,08-24-2024,NA,NA,NA,NA,NA,NA,NA,GlobalReef,50.0,45.5,38.0,3.5,8.0,0.0,4.5,11.5,6.0,0.0,14.5,3.5,0.0,0.0,16.5,0.0,0.0,2.0,4.0,58.5,7.0,0.0,273.0,
Red Rock,Natural,Fringing,09-01-2024,7:45,25,NA,7,2,NA,1,GlobalReef,53.5,36.5,55.0,2.0,7.0,0.5,4.5,10.5,4.5,0.5,4.0,1.5,0.0,0.0,0.5,0.0,0.0,4.0,1.0,74.5,7.0,0.0,267.0,
Red Rock,Natural,Fringing,10-24-2024,9:50,25,12,12,1,None,1,GlobalReef,36.0,26.5,49.5,0.0,15.5,0.0,4.0,14.5,4.0,1.5,11.0,0.5,0.0,0.0,66.0,0.5,0.0,3.0,3.0,56.5,0.5,87.5,380.0,
Red Rock,Natural,Fringing,01-29-2025,9:30,25,11,7,2,Light,1,Bjarne,20,26,47,0,6,0,4,9,3,0,37,2,0,0,0,0,1,2,0,69,7,0,233,
Red Rock,Natural,Fringing,02-12-2025,7:24,25,9.5,7.5,1,Light,1,Olive,111,46,66,3,3,0,8,5,7,0,3,5,0,0,22,1,0,10,1,25,6,1,323,
Red Rock,Natural,Fringing,02-12-2025,7:24,25,9.5,7.5,1,Light,1,Max,107,66,74,0,2,0,6,7,3,0,7,6,0,0,24,0,0,14,0,12,5,0,333,
Red Rock ,Natural,Fringing,01-29-2025,9:30,25,11,7,2,Light ,1,Pooka ,25,24,35,2,3,0,1,6,2,0,16,2,0,0,0,0,1,0,0,43,7,43,210,
Twins,Natural,Fringing,04-01-2019,12:00,27,10,12,1,None,10,GlobalReef,36.0,16.0,18.0,2.0,0.0,2.0,7.0,18.0,3.0,0.0,6.0,2.0,1.0,3.0,0.0,0.0,1.0,6.0,17.0,14.0,12.0,0.0,164.0,
Twins,Natural,Fringing,05-01-2019,13:00,27,10,18,1,None,12,GlobalReef,45.0,18.0,21.0,5.0,0.0,0.0,4.0,12.0,4.0,0.0,0.0,3.0,0.0,0.0,0.0,0.0,1.0,5.0,18.0,17.0,16.0,0.0,169.0,
Twins,Natural,Fringing,06-01-2019,13:00,27,10,18,5,None,5,GlobalReef,30.0,2.0,25.0,6.0,0.0,0.0,8.0,11.0,5.0,0.0,0.0,3.0,0.0,0.0,0.0,0.0,0.0,4.0,11.0,22.0,18.0,0.0,145.0,
Twins,Natural,Fringing,07-01-2019,13:00,27,10,18,3,None,5,GlobalReef,36.0,3.0,46.0,7.0,8.0,0.0,6.0,21.0,7.0,0.0,10.0,1.0,0.0,0.0,1.0,0.0,1.0,3.0,0.0,39.0,12.0,0.0,201.0,
Twins,Natural,Fringing,08-01-2019,12:00,27,10,12,3,Light,2,GlobalReef,29.0,50.0,25.0,0.0,6.5,0.0,5.5,26.5,4.0,0.0,14.0,2.0,2.0,0.0,0.0,0.0,1.0,20.0,8.5,28.0,9.5,0.0,231.5,
Twins,Natural,Fringing,09-01-2019,12:00,27,10,12,1,Light,5,GlobalReef,53.0,15.0,29.7,2.7,11.7,0.0,8.0,19.3,8.7,0.0,13.0,3.0,0.0,0.0,0.0,0.0,0.7,5.3,10.3,24.3,16.7,0.0,221.3,
Twins,Natural,Fringing,11-01-2019,12:00,27,10,18,1,None,12,GlobalReef,57.7,7.3,41.7,1.3,10.7,0.0,8.0,16.0,6.3,0.0,57.0,0.3,0.0,0.0,0.3,0.0,0.7,2.3,7.0,52.3,10.0,0.0,279.0,
Twins,Natural,Fringing,01-01-2020,12:00,27,10,7,1,None,3,GlobalReef,39.8,68.0,39.0,2.2,11.2,0.0,4.6,13.8,6.2,0.0,41.0,2.6,0.2,0.0,0.0,0.0,0.0,10.5,4.8,27.8,5.0,0.0,276.7,
Twins,Natural,Fringing,02-01-2020,13:00,28,10,2,1,None,3,GlobalReef,32.3,55.3,36.3,2.3,9.7,0.0,4.3,14.3,4.7,0.0,20.3,1.3,0.0,0.0,0.0,0.0,0.0,4.7,2.0,32.5,4.0,90.0,314.2,
Twins,Natural,Fringing,03-01-2020,12:00,27,10,12,1,None,3,GlobalReef,48.5,9.5,45.0,3.0,26.0,0.0,7.0,13.0,9.5,0.0,11.5,2.0,0.0,0.0,3.0,0.0,1.0,4.5,9.0,33.5,9.5,0.0,235.5,
Twins,Natural,Fringing,05-01-2020,12:00,27,10,12,1,None,1,GlobalReef,37.5,41.8,39.3,1.3,10.8,0.0,10.5,14.3,5.3,0.0,13.5,2.0,1.0,0.0,7.3,0.0,1.0,3.0,5.0,29.8,8.3,0.0,231.3,
Twins,Natural,Fringing,06-01-2020,12:00,28,10,7,3,None,1,GlobalReef,55.0,34.0,45.0,1.5,12.3,0.0,9.3,22.0,7.0,0.0,11.3,1.8,0.0,0.0,10.5,0.0,0.0,3.8,10.0,41.5,10.8,0.0,275.5,
Twins,Natural,Fringing,07-01-2020,14:00,28,10,12,3,None,3,GlobalReef,52.8,37.0,42.8,3.2,12.8,0.0,10.0,16.2,6.6,0.0,12.8,1.0,0.2,0.2,2.0,0.4,0.2,1.4,7.2,44.8,7.6,0.0,259.2,
Twins,Natural,Fringing,08-01-2020,14:00,28,10,18,2,None,1,GlobalReef,68.3,41.7,38.7,1.7,14.3,1.7,7.0,19.0,10.3,0.0,3.7,3.0,1.0,1.0,2.3,0.0,0.3,10.3,10.0,32.7,5.0,0.0,272.0,
Twins,Natural,Fringing,09-01-2020,13:00,26,10,12,3,None,3,GlobalReef,58.0,34.5,40.0,1.0,14.0,1.0,8.0,18.0,6.0,0.0,17.0,0.0,0.5,0.5,0.0,0.0,0.0,4.5,8.0,52.0,5.0,0.0,268.0,
Twins,Natural,Fringing,10-01-2020,14:00,27,10,12,2,None,4,GlobalReef,45.5,17.0,45.5,3.0,18.5,1.0,6.5,25.0,6.0,1.0,13.0,2.0,0.0,0.0,0.0,0.0,0.0,1.5,6.5,40.0,3.0,0.0,235.0,
Twins,Natural,Fringing,12-01-2020,13:00,26,10,12,3,None,3,GlobalReef,73.7,39.0,61.3,4.7,19.0,0.0,13.7,24.3,6.3,0.0,40.7,0.7,0.0,0.3,5.0,0.0,0.0,0.3,9.7,66.3,7.0,0.0,372.0,
Twins,Natural,Fringing,01-01-2021,10:00,27,10,12,2,None,1,GlobalReef,77.5,56.0,60.0,4.0,15.0,0.0,4.5,14.0,5.0,0.0,14.5,0.0,0.0,0.0,2.0,0.0,0.0,3.5,6.0,53.5,5.5,0.0,321.0,
Twins,Natural,Fringing,10-01-2022,14:00,25,10,12,2,None,4,GlobalReef,41.0,19.5,54.5,0.0,15.5,3.0,8.5,18.5,11.5,1.0,15.0,2.5,0.5,0.0,1.0,0.0,0.0,13.0,3.5,58.5,5.5,0.0,272.5,
Twins,Natural,Fringing,11-01-2022,NA,NA,NA,NA,NA,NA,NA,GlobalReef,44.5,24.5,63.0,3.0,15.0,0.0,10.0,14.5,8.5,0.0,24.0,0.5,0.0,0.0,1.5,0.5,0.5,5.0,7.0,84.0,8.0,0.0,314.0,
Twins,Natural,Fringing,04-01-2023,8:00,25,10,12,1,None,3,GlobalReef,76.7,19.3,53.3,2.7,6.7,0.0,2.0,16.7,13.0,0.0,3.7,3.3,0.7,0.0,5.3,0.0,0.0,7.3,16.0,58.7,6.3,0.0,291.7,
Twins,Natural,Fringing,05-01-2023,14:00,25,10,18,1,None,6,GlobalReef,49.5,69.5,39.0,0.5,5.5,0.0,9.5,19.0,15.5,0.0,13.5,2.5,0.0,0.0,8.5,0.0,0.0,3.5,10.0,53.0,5.0,0.0,304.0,
Twins,Natural,Fringing,06-01-2023,13:00,25,11,12,1,None,5,GlobalReef,40.0,18.0,44.0,0.0,3.0,0.0,7.5,26.0,11.0,1.0,0.0,1.0,0.0,0.0,2.5,0.0,0.0,2.5,10.0,22.0,6.5,0.0,195.0,
Twins,Natural,Fringing,09-01-2023,15:00,25,11,12,1,None,4,GlobalReef,75.5,72.0,30.5,0.0,7.5,0.0,5.0,18.5,16.0,0.0,0.0,2.0,0.0,0.0,0.0,0.0,0.0,4.0,11.0,37.0,18.0,0.0,297.0,
Twins,Natural,Fringing,10-01-2023,NA,NA,14,18,5,NA,4,GlobalReef,50.5,39.5,44.3,1.5,12.5,0.0,9.0,20.3,11.3,0.0,18.3,1.3,0.0,0.0,4.0,0.0,0.0,2.8,9.8,54.0,30.3,0.0,309.0,
Twins,Natural,Fringing,01-01-2024,8:00,25,12,12,1,None,6,GlobalReef,75.5,14.5,37.0,2.0,13.5,0.0,5.5,16.5,10.0,0.0,15.5,3.0,0.0,0.0,2.5,0.0,0.0,4.0,8.5,57.5,12.0,0.0,277.5,
Twins,Natural,Fringing,02-01-2024,13:00,25,12,12,1,None,8,GlobalReef,35.0,52.0,34.5,0.0,13.0,0.0,3.0,16.5,9.5,0.0,19.0,3.5,0.5,0.0,1.0,0.5,0.0,6.5,4.5,30.0,18.0,0.0,247.0,
Twins,Natural,Fringing,03-01-2024,13:00,25,13,12,1,None,8,GlobalReef,42.0,28.5,27.0,4.5,11.0,1.0,6.5,19.5,16.0,0.0,13.5,4.5,0.0,0.0,0.5,0.5,0.0,2.5,11.5,38.0,13.0,0.0,240.0,
Twins,Natural,Fringing,04-01-2024,14:00,25,14,12,1,None,6,GlobalReef,36.0,13.0,27.0,0.0,7.5,0.0,4.0,13.5,7.5,0.5,9.0,0.5,0.5,0.0,0.0,0.0,0.0,0.0,9.5,35.5,6.0,0.0,170.0,
Twins,Natural,Fringing,05-01-2024,13:10,25,NA,NA,NA,NA,8,GlobalReef,36.0,73.0,19.0,1.0,5.0,0.5,2.5,17.5,3.5,0.0,0.0,0.5,0.0,0.0,0.5,0.0,0.0,3.5,4.5,17.0,8.5,0.0,192.5,
Twins,Natural,Fringing,06-01-2024,13:20,25,14,30,1,None,3,GlobalReef,32.5,32.3,31.8,3.0,10.0,0.5,8.8,24.0,9.3,0.0,0.0,0.5,0.0,0.0,0.3,0.3,0.0,6.3,9.3,43.0,5.8,0.0,217.3,
Twins,Natural,Fringing,07-01-2024,13:17,25,NA,12,NA,NA,1,GlobalReef,44.5,18.3,27.0,0.0,7.0,0.0,13.5,18.3,2.0,1.3,0.0,2.3,0.3,0.0,0.0,0.0,0.0,7.0,9.3,28.0,12.0,0.3,190.8,
Twins,Natural,Fringing,08-01-2024,9:30,25,12,12,2,None,5,GlobalReef,39.5,12.3,31.5,4.8,9.5,0.0,1.0,15.3,10.8,0.3,3.0,0.3,0.0,0.0,2.8,1.0,0.0,3.0,11.3,32.3,16.5,0.0,194.8,
Twins,Natural,Fringing,09-01-2024,15:30,25,NA,12,2,None,6,GlobalReef,40.5,40.0,31.0,0.0,8.5,0.0,2.0,23.5,9.5,0.0,0.0,3.0,0.0,0.0,0.0,0.0,0.0,3.0,8.5,13.5,6.0,1.0,190.0,
Twins,Natural,Fringing,10-01-2024,NA,25,NA,12,2,Light,6,GlobalReef,40.8,7.5,29.5,0.0,8.5,0.0,7.0,20.0,8.8,0.3,0.0,0.0,0.0,0.0,0.5,0.0,0.0,17.0,11.5,24.5,9.5,0.0,185.3,
Twins,Natural,Fringing,01-22-2025,13:00,25,12,12,1,None,12,Gavin,44,11,32,7,6,0,6,17,11,0,4,1,0,0,0,0,6,0,2,47,11,0,205,
Twins,Natural,Fringing,01-22-2025,13:00,25,12,12,1,None,12,Martin,32,7,29,3,4,0,6,21,10,0,1,0,0,0,0,1,0,2,8,36,5,0,165,
Twins,Natural,Fringing,02-10-2025,15:10,25,9.5,12,3,0,13,Max ,28,17,35,4,3,0,13,17,5,0,2,1,0,0,0,0,P,2,9,29,6,0,171,
Twins,Natural,Fringing,02-10-2025,15:10,25,9.5,12,3,0,13,Georgia ,22,11,34,2,6,0,9,15,7,0,3,1,0,2,0,0,0,5,8,25,4,0,154,
Twins,Natural,Fringing,03-04-2025,15:03,25,12,10,2,Light,19,Gav,54,161,26,2,7,0,6,17,13,0,2,0,1,0,0,0,0,2,9,30,8,0,338,
Twins,Natural,Fringing,03-04-2025,15:03,25,12,10,2,Light,19,Martin,27,90,21,1,5,0,6,19,11,0,0,0,1,0,0,0,,0,4,16,4,,205,
Twins wall,Natural,Pinnacle,02-12-2025,13:01,22,7,10,1,None,NA,Bjarne,95,61,42,0,10,0,9,10,3,2,0,2,0,0,10,0,0,2,0,26,4,0,276,
Twins wall,Natural,Pinnacle,02-12-2025,13:01,22,7,10,1,None,NA,Jen,95,42,24,10,16,0,21,19,6,0,25,2,0,0,5,5,,4,2,16,3,0,295,
White Rock,Natural,Pinnacle,03-01-2019,12:00,30,10,12,1,None,8,GlobalReef,18.0,10.0,17.0,3.0,15.0,2.0,3.0,12.0,4.0,0.0,6.0,2.0,0.0,0.0,0.0,0.0,0.0,4.0,9.0,14.0,5.0,0.0,124.0,
White Rock,Natural,Pinnacle,04-01-2019,12:00,30,10,18,1,None,5,GlobalReef,22.0,8.0,23.0,3.0,10.0,5.0,5.0,16.0,2.0,0.0,4.0,3.0,0.0,1.0,28.0,0.0,0.0,7.0,9.0,20.0,9.0,0.0,175.0,
White Rock,Natural,Pinnacle,05-01-2019,12:00,30,10,12,1,None,5,GlobalReef,20.0,15.0,18.0,1.0,12.0,0.0,5.0,18.0,5.0,0.0,10.0,2.0,1.0,2.0,40.0,0.0,1.0,3.0,9.0,18.0,5.0,0.0,185.0,
White Rock,Natural,Pinnacle,06-01-2019,12:00,30,10,12,5,None,7,GlobalReef,39.0,8.0,47.0,1.0,18.0,0.0,10.0,24.0,1.0,0.0,0.0,2.0,0.0,0.0,6.0,0.0,0.0,2.0,0.0,29.0,17.0,0.0,204.0,
White Rock,Natural,Pinnacle,07-01-2019,12:00,30,10,18,5,None,3,GlobalReef,43.0,8.0,32.3,5.0,4.7,1.0,11.7,25.5,3.3,0.0,12.0,3.0,0.0,0.7,86.0,0.0,0.0,7.0,3.5,33.3,4.0,0.0,284.0,
White Rock,Natural,Pinnacle,08-01-2019,12:00,30,10,18,3,Light,6,GlobalReef,49.0,11.0,57.0,4.0,9.5,0.0,7.0,32.5,3.0,0.0,70.5,4.5,0.0,1.0,82.5,0.0,0.0,5.5,10.5,32.5,12.0,0.0,392.0,
White Rock,Natural,Pinnacle,09-01-2019,12:00,30,10,12,3,None,8,GlobalReef,36.0,52.0,42.5,5.5,7.5,0.0,8.5,24.0,0.0,0.0,38.0,2.5,0.0,0.5,62.0,0.0,0.5,3.0,2.5,49.0,12.5,0.0,346.5,
White Rock,Natural,Pinnacle,11-01-2019,12:00,30,10,18,3,None,11,GlobalReef,38.8,5.5,54.8,2.3,6.3,0.0,7.5,23.0,1.7,0.0,106.0,3.3,0.0,1.0,80.3,2.3,0.0,3.3,7.7,48.8,12.3,0.0,404.4,
White Rock,Natural,Pinnacle,01-01-2020,12:00,30,10,7,1,None,6,GlobalReef,34.8,33.8,41.0,2.3,9.0,0.0,4.5,15.5,3.8,0.0,130.5,3.0,0.0,0.5,16.0,0.0,0.3,6.0,4.0,44.8,11.8,3.0,364.3,
White Rock,Natural,Pinnacle,02-01-2020,12:00,30,10,7,1,None,4,GlobalReef,34.7,30.3,62.0,4.0,13.0,0.0,7.3,19.0,1.8,1.5,88.8,1.0,0.0,0.0,126.3,0.3,0.0,6.3,3.3,43.3,14.3,0.0,456.8,
White Rock,Natural,Pinnacle,03-01-2020,12:00,30,10,12,1,None,5,GlobalReef,36.0,28.5,54.0,4.5,10.0,0.0,6.5,21.0,1.0,0.0,92.0,2.5,0.0,0.0,106.0,0.0,0.0,0.5,3.5,44.0,12.5,0.0,422.5,
White Rock,Natural,Pinnacle,05-01-2020,12:00,30,10,7,1,None,3,GlobalReef,42.6,69.1,65.6,2.0,16.8,2.0,7.4,23.0,3.6,0.5,54.9,2.5,0.0,0.5,97.9,0.4,1.0,6.1,4.3,46.5,7.0,0.8,454.4,
White Rock,Natural,Pinnacle,06-01-2020,14:00,30,10,12,1,None,3,GlobalReef,35.0,9.0,54.5,2.0,14.5,0.0,5.0,18.5,1.5,0.0,8.0,3.5,0.0,0.0,68.0,1.0,0.0,3.5,2.0,40.0,4.5,0.0,270.5,
White Rock,Natural,Pinnacle,07-01-2020,12:00,30,10,12,1,None,1,GlobalReef,35.5,93.0,49.0,2.5,16.0,0.0,2.0,21.5,1.5,0.0,6.0,1.5,0.0,0.0,52.5,0.0,0.0,3.5,1.5,52.0,11.0,0.0,349.0,
White Rock,Natural,Pinnacle,08-01-2020,12:00,30,10,18,1,None,1,GlobalReef,60.8,105.5,65.0,6.0,18.8,0.0,7.5,32.0,4.5,0.3,48.3,3.8,0.0,0.3,103.8,0.3,0.3,10.3,5.8,63.5,14.3,0.5,551.0,
White Rock,Natural,Pinnacle,09-01-2020,12:00,30,10,12,2,None,1,GlobalReef,41.7,40.7,58.7,3.7,11.3,0.0,12.3,25.3,5.3,0.0,40.0,1.7,0.0,0.7,93.3,0.3,0.0,11.7,5.7,46.3,8.0,0.0,406.7,
White Rock,Natural,Pinnacle,12-01-2020,14:00,30,10,7,2,None,2,GlobalReef,55.8,52.0,64.0,2.0,15.5,0.0,9.5,25.8,3.8,0.5,120.8,1.5,0.0,0.0,113.0,0.8,0.3,5.0,23.3,60.5,12.5,16.8,583.0,
White Rock,Natural,Pinnacle,01-01-2021,12:00,30,10,12,2,None,1,GlobalReef,44.7,30.7,74.7,2.0,12.7,0.0,8.7,28.7,1.7,0.0,108.7,2.7,0.0,0.0,139.3,0.7,,4.3,5.3,71.3,6.3,0.0,542.3,
White Rock,Natural,Pinnacle,03-01-2021,14:00,30,10,7,2,None,2,GlobalReef,62.3,38.3,59.0,3.3,21.3,0.0,9.0,33.3,2.3,0.0,84.0,3.0,1.0,0.0,53.3,1.3,0.0,4.3,6.7,45.7,3.3,1.0,432.7,
White Rock,Natural,Pinnacle,01-01-2022,9:00,27,10,18,5,None,1,GlobalReef,62.5,45.0,101.5,4.5,17.5,0.0,6.5,25.5,0.5,0.5,189.0,0.0,0.0,0.0,178.0,2.5,0.0,2.5,4.0,102.0,10.5,0.0,752.5,
White Rock,Natural,Pinnacle,10-01-2022,13:00,26,10,18,2,None,1,GlobalReef,40.5,44.0,74.0,4.0,30.0,0.0,7.5,25.0,1.5,0.0,84.5,1.0,0.0,0.0,121.5,6.0,0.0,28.0,6.0,104.0,13.5,0.0,591.0,
White Rock,Natural,Pinnacle,11-01-2022,14:00,29,8,7,5,None,2,GlobalReef,42.0,37.5,90.0,3.5,22.5,0.0,5.5,22.0,2.0,0.5,168.0,1.0,0.0,0.0,108.5,2.0,0.0,11.0,27.5,103.5,12.5,400.0,1059.5,
White Rock,Natural,Pinnacle,04-01-2023,16:00,25,8,12,1,None,4,GlobalReef,36.8,21.0,55.3,4.0,13.8,0.0,8.0,17.3,2.3,0.0,11.8,0.5,0.5,0.0,96.3,1.0,0.0,5.3,6.5,56.5,8.3,700.0,1044.8,
White Rock,Natural,Pinnacle,05-01-2023,NA,NA,NA,NA,NA,NA,NA,GlobalReef,54.5,63.0,58.0,3.5,23.0,0.0,4.0,36.0,2.0,1.0,17.0,3.5,0.0,0.0,40.0,1.5,0.0,1.0,11.0,87.0,5.0,0.0,411.0,
White Rock,Natural,Pinnacle,06-01-2023,15:30,25,15,18,1,None,5,GlobalReef,37.5,25.0,54.5,2.5,19.0,0.0,4.5,27.5,1.5,0.0,8.5,1.5,0.0,0.0,121.5,1.0,0.0,2.0,5.0,74.0,10.5,0.0,396.0,
White Rock,Natural,Pinnacle,09-01-2023,11:00,25,11,12,1,None,5,GlobalReef,35.5,65.0,56.0,3.5,19.5,0.0,3.5,17.5,2.0,0.0,41.0,3.0,0.0,0.0,184.5,2.0,0.0,11.5,42.5,73.0,25.0,0.0,585.0,
White Rock,Natural,Pinnacle,10-01-2023,NA,25,14,18,1,None,10,GlobalReef,30.0,53.0,51.8,1.8,20.2,0.0,2.3,16.2,2.8,3.8,62.7,1.3,0.0,0.0,91.7,0.0,0.2,1.8,3.7,56.7,31.7,0.0,431.7,
White Rock,Natural,Pinnacle,01-01-2024,10:00,25,14,12,1,None,11,GlobalReef,31.8,28.3,78.0,2.5,21.8,0.0,5.0,20.0,1.8,0.0,113.0,1.0,0.0,0.3,95.5,1.0,0.0,2.0,4.5,69.8,7.0,0.0,483.0,
White Rock,Natural,Pinnacle,02-01-2024,9:15,25,14,10,1,None,,GlobalReef,42.0,17.0,42.0,3.5,20.5,0.0,5.5,19.5,0.0,0.0,20.5,2.5,0.0,0.0,129.5,1.0,0.0,2.0,6.0,75.5,2.5,1.0,390.5,
White Rock,Natural,Pinnacle,03-01-2024,10:00,25,14,18,1,None,7,GlobalReef,41.5,22.5,71.0,0.5,17.0,0.0,5.5,18.5,0.0,0.0,95.5,4.0,0.0,0.0,138.0,0.0,0.0,14.0,2.5,61.0,15.0,0.0,506.5,
White Rock,Natural,Pinnacle,04-01-2024,16:00,25,15,18,1,None,4,GlobalReef,51.0,37.5,77.0,5.5,32.5,0.0,5.0,21.5,1.0,2.0,55.5,2.0,0.0,0.0,170.0,0.0,0.0,2.0,3.5,63.0,14.5,1.0,544.5,
White Rock,Natural,Pinnacle,05-01-2024,8:00,25,NA,NA,NA,NA,3,GlobalReef,44.0,16.0,76.0,0.5,13.5,0.0,7.5,19.5,5.5,0.0,126.5,0.0,0.0,0.0,131.5,0.0,0.0,14.5,3.5,66.0,8.0,0.0,532.5,
White Rock,Natural,Pinnacle,06-01-2024,13:20,25,12,30,1,None,3,GlobalReef,61.0,26.0,74.5,2.5,19.5,0.0,3.0,21.0,4.0,0.0,48.0,1.0,0.0,0.0,132.0,0.5,0.0,4.0,6.0,72.0,20.5,1.0,496.5,
White Rock,Natural,Pinnacle,07-01-2024,NA,NA,NA,NA,NA,NA,2,GlobalReef,32.5,32.3,31.8,3.0,10.0,0.5,8.8,24.0,9.3,0.0,0.0,0.5,0.0,0.0,0.5,0.0,0.0,6.3,9.3,30.5,5.0,0.0,204.0,
White Rock,Natural,Pinnacle,08-01-2024,NA,10,NA,25,1,Strong,1,GlobalReef,20.8,48.0,29.5,0.0,2.5,0.0,3.3,17.5,4.3,0.8,47.5,0.5,0.0,0.0,83.0,1.0,0.0,10.0,2.8,42.5,9.5,1.0,324.3,
White Rock,Natural,Pinnacle,08-01-2024,9:00,18,10,27,5,None,1,GlobalReef,25.3,57.5,32.3,1.5,7.0,0.5,1.0,16.3,0.5,0.0,1.8,1.8,0.0,0.0,159.5,0.8,0.0,46.5,25.5,32.3,21.0,0.0,430.8,
White Rock,Natural,Pinnacle,09-01-2024,8:00,20,NA,25,3,NA,1,GlobalReef,37.0,12.5,71.0,0.8,12.0,0.0,3.3,17.8,3.3,67.3,171.0,1.0,0.3,0.0,147.0,0.0,0.3,33.3,3.3,82.5,35.0,0.0,698.3,
White Rock,Natural,Pinnacle,10-01-2024,15:15,15,NA,25,3,Light,5,GlobalReef,24.8,12.0,54.8,1.8,10.0,0.0,4.0,16.5,3.8,0.8,100.5,0.0,0.0,0.8,130.3,0.0,0.3,6.3,3.0,55.0,13.5,1.0,438.8,
White Rock,Natural,Pinnacle,01-22-2025,15:30,12,NA,25,1,None,11,Gavin,64,39,66,2,3,0,5,13,5,0,59,2,0,0,284,1,3,0,34,84,24,1,689,
White Rock,Natural,Pinnacle,02-06-2025,9:30,25,NA,12,2,None,9,Gavin,40,94,88,2,14,0,3,18,4,1,116,2,0,0,208,0,3,6,10,91,16,0,716,
White Rock,Natural,Pinnacle,02-06-2025,9:16,25,10.4,12,1,None,10,Georgia,18,80,83,0,83,0,6,8,0,2,138,1,0,0,240,0,0,15,15,70,24,0,783,
White Rock,Natural,Pinnacle,02-06-2025,9:16,25,10.2,10,1,None,10,Camille,34,95,64,2,15,0,3,21,5,0,108,0,0,0,190,2,0,14,11,51,35,0,650,
